CREATE TABLE HymnGroups (
    id INTEGER PRIMARY KEY AUTOINCREMENT,
    name TEXT NOT NULL UNIQUE
);
CREATE TABLE HymnSubgroups (
    id INTEGER PRIMARY KEY AUTOINCREMENT,
    name TEXT NOT NULL UNIQUE,
    groupId INTEGER,
    FOREIGN KEY (groupId) REFERENCES HymnGroups(id) ON DELETE CASCADE
);
CREATE TABLE Hymns (
    id CHAR(5) PRIMARY KEY,
    number CHAR(3) UNIQUE,
    title TEXT NOT NULL,
    groupId INTEGER,
    FOREIGN KEY (groupId) REFERENCES HymnSubgroups(id) ON DELETE CASCADE
);
INSERT INTO HymnGroups (id,name)
VALUES 
  (1, 'I. Bóg Trójjedyny'),
  (2, 'II. Droga Zbawienia'),
  (3, 'III. Życie Chrześcijanina'),
  (4, 'IV. Społeczność Świętych');
INSERT INTO HymnSubgroups (id,name,groupId)
VALUES
  (1, '1. Chwała i dziękczynienie', 1),
  (2, '2. Adwent i narodzenie Jezusa', 1),
  (3, '3. Śmierć, zmartwychwstanie i wniebowstąpienie Jezusa', 1),
  (4, '4. Duch Święty', 1),
  (5, '5. Miłość Pańska', 1),
  (6, '6. Dzieło pojedniania', 1),
  (7, '7. Wezwanie do Jezusa', 2),
  (8, '8. Przebudzenie i pokuta', 2),
  (9, '9. Oddanie się panu', 2),
  (10, '10. Odrodzenie', 2),
  (11, '11. Poświęcenie', 2),
  (12, '12. Pokój i radość', 2),
  (13, '13. Obcowanie z Panem', 3),
  (14, '14. Ufność w Panu', 3),
  (15, '15. Naśladowanie Jezusa', 3),
  (16, '16. Praca w służbie Pana', 3),
  (17, '17. Bój wiary i zwycięstwo', 3),
  (18, '18. Przyjście Pańskie i górna włość', 3),
  (19, '19. Chrzest i Wieczerza Pańska', 4),
  (20, '20. Zgromadzenie wierzących', 4),
  (21, '21. Dla młodzieży', 4),
  (22, '22. Ślub', 4),
  (23, '23. Pogrzeb', 4),
  (24, '24. Pory dnia i roku', 4),
  (25, '25. Addenda', 4);
INSERT INTO Hymns (id,number,title,groupId)
VALUES
  ('1', '1', 'Alleluja, chwalcie Pana', 1),
  ('2', '2', 'Barankowi chwałę, cześć', 1),
  ('3', '3', 'Bądź Panu cześć', 1),
  ('4', '4', 'Boże wielki, pełnyś chwał', 1),
  ('5', '5', 'Chcę o Jezusie moim śpiewać', 1),
  ('6', '6', 'Barankowi cześć', 1),
  ('7', '7', 'Chciejmy Zbawcę wielbić szczerze', 1),
  ('8', '8', 'Chwalże, ma duszo, Mocarza', 1),
  ('9', '9', 'Chwałę daj Panu, o duszo moja', 1),
  ('10', '10', 'Czego chcesz od nas, Panie', 1),
  ('11', '11', 'Dajcie Panu chwałę', 1),
  ('12', '12', 'Dziękujmy Bogu wraz', 1),
  ('13', '13', 'Jezusowi chcę śpiewać ku chwale', 1),
  ('14', '14', 'Gdybym języków miał tysiące', 1),
  ('15', '15', 'Gdy na ten świat', 1),
  ('16', '16', 'Królu niebios', 1),
  ('17', '17', 'O, Panu bądź cześć', 1),
  ('18', '18', 'Pan dobry jest', 1),
  ('19', '19', 'Panu wszyscy zaśpiewajcie', 1),
  ('20', '20', 'Pan Zastępów godzien chwały', 1),
  ('21', '21', 'Przekrasny Jezu, wszego świata Królu', 1),
  ('22', '22', 'Uwielbiam miłość niepojętą', 1),
  ('23', '23', 'Strójcie, wierni, harfy wasze', 1),
  ('24', '24', 'Święty, Święty, Święty', 1),
  ('25', '25', 'Z żądnością czekałem na Pana', 1),
  ('26', '26', 'Wielbijmy Ojca pieniem chwał', 1),
  ('27', '27', 'Przyjdź, Zbawienie pogan, przyjdź', 2),
  ('28', '28', 'Jak mam powitać Ciebie', 2),
  ('29', '29', 'Jak pięknie lśni jutrzenki blask', 2),
  ('30', '30', 'Nadchodził, zbliżał się', 2),
  ('31', '31', 'Podnieścież się, wy wierzchy bram!', 2),
  ('32', '32', 'Czas radości, wesołości', 2),
  ('33', '33', 'Aniołowie z niebios nucą chwały śpiew', 2),
  ('34', '34', 'Chwalcie Boga, o chrześcijanie', 2),
  ('35', '35', 'Chwała Bogu, chwała w górze', 2),
  ('36', '36', 'Cicha noc', 2),
  ('37', '37', 'Dziateczki, dziateczki', 2),
  ('38', '38', 'Gałązka drobna, wątła z Jessego trysła pnia', 2),
  ('39', '39', 'Niebo wykrzykuj!', 2),
  ('40', '40', 'O, błogosławiony', 2),
  ('41', '41', 'O, szczęśliwa noc', 2),
  ('42', '42', 'Pośpieszcie, o wierni', 2),
  ('43', '43', 'Strójcie się, o gwiazdy, chwałą', 2),
  ('44', '44', 'W żłobie leży', 2),
  ('45', '45', 'Wznieście Bogu chwały pienia', 2),
  ('46', '46', 'Znam wieść prześliczną, dawną wieść', 2),
  ('47', '47', 'Z niebieskich wyżyn schodzę dziś', 2),
  ('48', '48', 'Cóżeś uczynił, Jezusie kochany', 3),
  ('49', '49', 'Jezu, życia mego życie', 3),
  ('50', '50', 'Najdroższy Jezu, czyjaż wielka wina', 3),
  ('51', '51', 'Na Golgotę, duszo, śpiesz', 3),
  ('52', '52', 'Na krzyżu, Jezu, zmarłeś', 3),
  ('53', '53', 'O głowo krwią zbroczona', 3),
  ('54', '54', 'Strumyków pięć I źródeł pięć', 3),
  ('55', '55', 'Tysiąckrotnie pozdrowiony', 3),
  ('56', '56', 'Na myśl o wieńcu z cierni', 3),
  ('57', '57', 'Alleluja, sławny nastał dzień!', 3),
  ('58', '58', 'Dziś nam nastał dzień wspaniały', 3),
  ('59', '59', 'O śmierci, gdzież jest bodziec twój?', 3),
  ('60', '60', 'Nastał nam czas przeradosny', 3),
  ('61', '61', 'Jezus żyje, z Nim i ja!', 3),
  ('62', '62', 'Przeminęła, przeminęła', 3),
  ('63', '63', 'W ciemnej nocy z Bożej mocy', 3),
  ('64', '64', 'Radość pienia dziękczynienia', 3),
  ('65', '65', 'Wstał z martwych mój Zbawiciel', 3),
  ('66', '66', 'W ciemny grób złożon Pan', 3),
  ('67', '67', 'W górę serca, Boże dzieci', 3),
  ('68', '68', 'Jezus jako Król panuje', 3),
  ('69', '69', 'Królewski strój się śpieszcie nieść', 3),
  ('70', '70', 'Zbawicielu wywyższony', 3),
  ('71', '71', 'Cudowna siła zlała się', 4),
  ('72', '72', 'Jak błogie, wieczne szczęście nam', 4),
  ('73', '73', 'Na Twój święty Kościół cały', 4),
  ('74', '74', 'Me serce pełne chwał', 4),
  ('75', '75', 'Duchu Pana', 4),
  ('76', '76', 'Na Twym ołtarzu, Panie', 4),
  ('77', '77', 'Nawiedź nas, Duchu Święty', 4),
  ('78', '78', 'Niegdyś pierwsi tam uczniowie', 4),
  ('79', '79', 'O Boże, Duchu, o Światłości', 4),
  ('80', '80', 'Oby, Jezu, znów w tym świecie', 4),
  ('81', '81', 'Otwórzmy dziś swych serc podwoje', 4),
  ('82', '82', 'O, by już wkrótce rozgorzały', 4),
  ('83', '83', 'Panie, wysłuchać modłów chciej', 4),
  ('84', '84', 'O Zbawicielu drogi', 4),
  ('85', '85', 'Wielką radość, pokój błogi', 4),
  ('86', '86', 'Przyjdź, Duchu Święty', 4),
  ('87', '87', 'Ześlij, Panie, Swego Ducha', 4),
  ('88', '88', 'Znasz ty już ten kraj', 4),
  ('89', '89', 'Boża miłość nad nami trwa', 5),
  ('90', '90', 'Bóg jest miłością', 5),
  ('91', '91', 'Chcę śpiewać o miłości Jezusa', 5),
  ('92', '92', 'Chrystus kocha nas niezmiernie', 5),
  ('93', '93', 'Czyż tron Twój', 5),
  ('94', '94', 'Głośmy radośnie wszyscy wraz', 5),
  ('95', '95', 'Miłość cudowna', 5),
  ('96', '96', 'O, ta miłość Twoja, Panie', 5),
  ('97', '97', 'Podziwiam, podziwiam', 5),
  ('98', '98', 'Przewyższa rozum wielka miłość Twa', 5),
  ('99', '99', 'Zobacz, jak Pan Go miłował', 5),
  ('100', '100', 'Znam miłość Jezusa wspaniałą', 5),
  ('101', '101', 'Boży Baranku!', 6),
  ('102', '102', 'Chrystus Pan opuścił niebios sławę', 6),
  ('103', '103', 'Jeden tylko godzien nieść', 6),
  ('104', '104', 'Czy znasz to imię', 6),
  ('105', '105', 'Golgoty to szczyt', 6),
  ('106', '106', 'Ja pragnę Jezu śpiewać', 6),
  ('107', '107', 'Jeden przyszedł na ziemię', 6),
  ('108', '108', 'Krzyż Pański mocno trwa', 6),
  ('109', '109', 'Łaski wspaniałej się strumień zlał', 6),
  ('110', '110', 'Najlepszy Lekarz zbliża się', 6),
  ('111', '111', 'O Golgoto, w ciszy twej', 6),
  ('112', '112', 'Nic dodać nie możesz do łaski', 6),
  ('113', '113', 'O, mów mi, mów o Jezusie', 6),
  ('114', '114', 'Ożywcze źródło tryska', 6),
  ('115', '115', 'Pod krzyżem mego Zbawcy', 6),
  ('116', '116', 'O, zaśpiewaj ty z radości', 6),
  ('117', '117', 'Przesłodka jest wieść o Jezusie', 6),
  ('118', '118', 'Przez różnych ziem krainy', 6),
  ('119', '119', 'Tam na wzgórzu stał', 6),
  ('120', '120', 'W Twej łasce, Panie', 6),
  ('121', '121', 'Bóg chce wszystkim ludziom', 7),
  ('122', '122', 'Idź pod krzyż z ciężary swymi', 7),
  ('123', '123', 'Chrystusa ogłoś serca swego Królem', 7),
  ('124', '124', 'Czemuż dusza twoja lgnie', 7),
  ('125', '125', 'Co to za niezliczony tłum', 7),
  ('126', '126', 'Cóż to w cichych chwilach nocy', 7),
  ('127', '127', 'Czym ci Jezusa miłość jest, czym?', 7),
  ('128', '128', 'Czy Twe serce w Jezusie szczęśliwe', 7),
  ('129', '129', 'Czy zobaczę cię przy zdroju', 7),
  ('130', '130', 'Jezus woła ciebie, duszo', 7),
  ('131', '131', 'Dlaczego się temu tak bardzo dziwicie', 7),
  ('132', '132', 'Do ciebie, duszo, zbliżam się', 7),
  ('133', '133', 'Ducha cię dotknęło tchnienie', 7),
  ('134', '134', 'Do cudnej pielgrzymujemy chwały', 7),
  ('135', '135', 'Głos Jezusa słychać', 7),
  ('136', '136', 'Jezus woła pośród zgiełku', 7),
  ('137', '137', 'Duszo, słuchaj cudnej wieści', 7),
  ('138', '138', 'Głośno biją niebios dzwony', 7),
  ('139', '139', 'I czemuż wciąż czekasz', 7),
  ('140', '140', 'Jest miejsca dość, jest jeszcze czas', 7),
  ('141', '141', 'Imię Jezus wiecznie świeże', 7),
  ('142', '142', 'Już bracie, siostro', 7),
  ('143', '143', 'Już pociąg łaski Bożej', 7),
  ('144', '144', 'Kiedy ci w świecie smutno, źle', 7),
  ('145', '145', 'Kiedy usłyszysz śmierci głos', 7),
  ('146', '146', 'Miły głos Ducha odzywa się', 7),
  ('147', '147', 'Krótki jest czas', 7),
  ('148', '148', 'Oj, pamiętaj, bracie', 7),
  ('149', '149', 'Mam Przyjaciela', 7),
  ('150', '150', 'Powstań, powstań z nieprawości', 7),
  ('151', '151', 'Masz Jezusa, serca pokój', 7),
  ('152', '152', 'Nie masz miejsca dla Jezusa', 7),
  ('153', '153', 'Na Jezusa krzyż spoglądaj', 7),
  ('154', '154', 'Niech pragnący bierze ten życia dar', 7),
  ('155', '155', 'Przyjacielu, patrz', 7),
  ('156', '156', 'O duszo, pośpieszaj do krzyża', 7),
  ('157', '157', 'Ojczyzna w górze już otwarta', 7),
  ('158', '158', 'Wędrowcze, wróć do Ojca, wróć!', 7),
  ('159', '159', 'O nie chodź, nie bądź światem sam', 7),
  ('160', '160', 'O wpuść w głębinę duszy, wpuść', 7),
  ('161', '161', 'O, wróć, o, wróć!', 7),
  ('162', '162', 'O wstań, rodzinny opuść kraj', 7),
  ('163', '163', 'O, zaczekaj, rozważ sobie', 7),
  ('164', '164', 'Pan zwołuje owce z błędnych dróg', 7),
  ('165', '165', 'Patrz, kto stoi u twych drzwi!', 7),
  ('166', '166', 'Pójdźcie wszyscy po zbawienie', 7),
  ('167', '167', 'Pójdź do Zbawcy, droga duszo', 7),
  ('168', '168', 'Pójdź do Jezusa, dziś jeszcze czas', 7),
  ('169', '169', 'Trwa jeszcze łaska Boża', 7),
  ('170', '170', 'Pójdź tylko do Mnie', 7),
  ('171', '171', 'Próżne są wymówki twe', 7),
  ('172', '172', 'Przecudna wieść w świat cały płynie', 7),
  ('173', '173', 'Stań, bracie miły, stań!', 7),
  ('174', '174', 'Tak blisko, celu', 7),
  ('175', '175', 'Znam słówko małe', 7),
  ('176', '176', 'Znam strumień, co płynie', 7),
  ('177', '177', 'Boże mój, który widzisz', 8),
  ('178', '178', 'Bracie, skądże twe starania', 8),
  ('179', '179', 'Czy ty od grzechów wolnym być tu chcesz', 8),
  ('180', '180', 'Gdzie znajdę Pana', 8),
  ('181', '181', 'Gdzież mi pociechy szukać lub nadziei', 8),
  ('182', '182', 'Jezus grzesznych przyjąć chce!', 8),
  ('183', '183', 'Jezus zdradzony, zupełnie Sam', 8),
  ('184', '184', 'Idź łzy otrzyj swoje', 8),
  ('185', '185', 'Kiedy w serce w grzech wplątane', 8),
  ('186', '186', 'Na krzyżum przelał krew', 8),
  ('187', '187', 'Kto wiary spojrzenie skieruje na krzyż', 8),
  ('188', '188', 'Nie zapomnij, nie zapomnij', 8),
  ('189', '189', 'Nie błądź, nie błądź!', 8),
  ('190', '190', 'O Boże, proszę', 8),
  ('191', '191', 'Padnij pod krzyżem!', 8),
  ('192', '192', 'O, mów, czy krew Swą wylał Pan', 8),
  ('193', '193', 'O smutny, bolesny to stan', 8),
  ('194', '194', 'Panie, w Swym słowie do nas przemawiasz', 8),
  ('195', '195', 'Po dwóch drogach', 8),
  ('196', '196', 'Pośpiesz, pośpiesz do pokutowania', 8),
  ('197', '197', 'Prócz liści nic', 8),
  ('198', '198', 'Daj się całkiem dziś uchwycić', 9),
  ('199', '199', 'Długo światła szukaliśmy', 9),
  ('200', '200', 'Gdzieżeś, ukochany mój Jezu Chryste?', 9),
  ('201', '201', 'Jak Sam, Panie, chcesz, niech będzie ', 9),
  ('202', '202', 'Hymn wdzięczności płynie z duszy', 9),
  ('203', '203', 'Ja, o Panie, i mój dom', 9),
  ('204', '204', 'Ja pójdę z Tobą, dokąd chcesz', 9),
  ('205', '205', 'Któż poznał myśli Pana', 9),
  ('206', '206', 'Nie omijaj mnie', 9),
  ('207', '207', 'O, Jezusie, zbaw mą duszę!', 9),
  ('208', '208', 'O, pójdźcie, posłuchajcie', 9),
  ('209', '209', 'Przy tym pozostanę już', 9),
  ('210', '210', 'Rzuć, człowiecze, marny świat', 9),
  ('211', '211', 'Skało, którą rozwarł Bóg', 9),
  ('212', '212', 'Stwórz serce czyste we mnie', 9),
  ('213', '213', 'Tak jakim jest', 9),
  ('214', '214', 'To wcale nie taki wielki trud', 9),
  ('215', '215', 'Weźmij, Jezu, życie me', 9),
  ('216', '216', 'Tu serce me!', 9),
  ('217', '217', 'Ujmij mą dłoń!', 9),
  ('218', '218', 'W niebie wielka radość', 9),
  ('219', '219', 'W Swej litości, łaskawości', 9),
  ('220', '220', 'Wszystko Tobie dziś oddaję', 9),
  ('221', '221', 'Wybrać mi radzono skarb', 9),
  ('222', '222', 'Ach, oby Zbawcy wzór cierpienia', 10),
  ('223', '223', 'Bez zasług mych ukochał mnie', 10),
  ('224', '224', 'Chcę kochać Ciebie, Boży Synu', 10),
  ('225', '225', 'Jest źródło', 10),
  ('226', '226', 'Jam Twą własnością!', 10),
  ('227', '227', 'Niewinny Ty Baranku Boży', 10),
  ('228', '228', 'Jezu, ma radości', 10),
  ('229', '229', 'O, Miłości, coś raczyła', 10),
  ('230', '230', 'Jezusowi chcę poświęcić', 10),
  ('231', '231', 'Jezu Ty kochasz mnie wieczną miłością', 10),
  ('232', '232', 'Kiedy żyłem w grzechach swych', 10),
  ('233', '233', 'Znalazłem grunt, gdzie ma kotwica', 10),
  ('234', '234', 'Miłości, wnieś słoneczny brzask', 10),
  ('235', '235', 'Miłość Boża granic nie ma', 10),
  ('236', '236', 'Zbawił mnie Pan!', 10),
  ('237', '237', 'Nie mogę pojąć, jak Tyś - święty Bóg', 10),
  ('238', '238', 'Tylko Ciebie, Jezu drogi', 10),
  ('239', '239', 'Nie należę już do siebie', 10),
  ('240', '240', 'Nie wiem, dlaczego miłość Swą', 10),
  ('241', '241', 'Nie znałem Jezusa', 10),
  ('242', '242', 'Odpuszczone są me winy', 10),
  ('243', '243', 'O, Jezu grzechy moje', 10),
  ('244', '244', 'Rozkoszy pełne miejsce znam', 10),
  ('245', '245', 'Samotny wśród morskich', 10),
  ('246', '246', 'Spełniło się teraz!', 10),
  ('247', '247', 'Śmiem w to wierzyć i wiedzieć', 10),
  ('248', '248', 'Ty tylko, Jezu', 10),
  ('249', '249', 'Ułaskawienia dostąpiłem', 10),
  ('250', '250', 'Z pokorą, z podziwem spoglądam', 10),
  ('251', '251', 'Z mych tysięcy godzin życia', 10),
  ('252', '252', 'W mą duszę promień słońca padł', 10),
  ('253', '253', 'Bliżej, o, bliżej', 11),
  ('254', '254', 'Błogo, o, błogo pokojem Twym żyć', 11),
  ('255', '255', 'Gdy spojrzę tylko na cudowny krzyż', 11),
  ('256', '256', 'Być, Jezu, Twym', 11),
  ('257', '257', 'Daj serce dla chwały Twej', 11),
  ('258', '258', 'Duchowi Świętemu, gdy karać cię chce', 11),
  ('259', '259', 'Drogą jasną, ścieżką prostą', 11),
  ('260', '260', 'Gdyś się całkiem oddał Panu', 11),
  ('261', '261', 'Głębiej, o, głębiej ukorzyć się chcę', 11),
  ('262', '262', 'Królu mój, Królu chwały', 11),
  ('263', '263', 'Jam nie swój, nie, jam zwolniony', 11),
  ('264', '264', 'Jam w grzechach niegdyś martwy był', 11),
  ('265', '265', 'Jedno w sercu, jedno mam życzenie', 11),
  ('266', '266', 'O, imię najzacniejsze', 11),
  ('267', '267', 'Jestem, Panie, Twój', 11),
  ('268', '268', 'Już bez zakonu — o, błogie życie', 11),
  ('269', '269', 'Jezusa krew, teń święty zdrój', 11),
  ('270', '270', 'O Panie, pragnie dusza ma', 11),
  ('271', '271', 'Jezus Chrystus — brzmi poselstwo', 11),
  ('272', '272', 'Krzyż żąda ofiary', 11),
  ('273', '273', 'Oblicza Twego pragnąc', 11),
  ('274', '274', 'Mój wznoszę wzrok do niebios stron', 11),
  ('275', '275', 'Nie mogę, nie chcę żyć samemu sobie', 11),
  ('276', '276', 'Nie o szczęście', 11),
  ('277', '277', 'Oddałem Panu serce me', 11),
  ('278', '278', 'O jak błogo jest, gdy wola nasza', 11),
  ('279', '279', 'Ognisty miecz Cheruba', 11),
  ('280', '280', 'O Jezu, ja pragnę omyty być z plam', 11),
  ('281', '281', 'O Jezu, Twą jest sprawa ta', 11),
  ('282', '282', 'O, kiedy pragniesz, zbliż się', 11),
  ('283', '283', 'O, objaw się miły Jezu', 11),
  ('284', '284', 'O, strzeż mnie, Panie, w dzień i w noc', 11),
  ('285', '285', 'Pragniesz—li przekleństw swych grzechów się zbyć', 11),
  ('286', '286', 'Spojrzeniem przenikaj mnie Swym', 11),
  ('287', '287', 'Twa postać jasna staje', 11),
  ('288', '288', 'Ucisz mnie Panie, to prośbą jest mą', 11),
  ('289', '289', 'Ucz chodzić mnie z Bogiem', 11),
  ('290', '290', 'Umarłem ja i z Nim położon w grób', 11),
  ('291', '291', 'Wieść skryte z Bogiem życie', 11),
  ('292', '292', 'Panie, mną, Bo w Tobie wolność ma', 11),
  ('293', '293', 'Jak błogo zbawionym być', 12),
  ('294', '294', 'Błogiej radości nastąpił mi czas', 12),
  ('295', '295', 'Gdy Ciebie widzę, Jezu mój', 12),
  ('296', '296', 'Dziś jasność w duszy mojej lśni', 12),
  ('297', '297', 'Gdy pokój niebieski', 12),
  ('298', '298', 'Ja idę tą drogą, co wiedzie do chwał', 12),
  ('299', '299', 'Jak błogo wiedzieć: Jezus jest mój', 12),
  ('300', '300', 'Jakże ja szczęśliwy', 12),
  ('301', '301', 'Ja mam piosenkę od Jezusa', 12),
  ('302', '302', 'Jam na krzyżu Zbawcę znalazł', 12),
  ('303', '303', 'Jezus grzechy me zmył', 12),
  ('304', '304', 'Jezus przyszedł nas wybawić', 12),
  ('305', '305', 'Mam wspaniałego Zbawiciela', 12),
  ('306', '306', 'Na Baranku ja spoczywam', 12),
  ('307', '307', 'Mój jest Zbawiciel, ustały już żale', 12),
  ('308', '308', 'Nad skarby jest droższym mi Jezus mój', 12),
  ('309', '309', 'Niegdyś noc mnie ogarniała', 12),
  ('310', '310', 'O cudny dzień, o cudny czas', 12),
  ('311', '311', 'Od kiedy Pan mi pewność dał', 12),
  ('312', '312', 'Radośnie wyśpiewuje', 12),
  ('313', '313', 'Pokój w Jezusie', 12),
  ('314', '314', 'Radosną pieśń chwały w sercu mam', 12),
  ('315', '315', 'Słoneczne pola, promienne wzgórza', 12),
  ('316', '316', 'Jezus moim hasłem', 12),
  ('317', '317', 'W mojej duszy radość brzmi', 12),
  ('318', '318', 'Oj, błogosławiony', 12),
  ('319', '319', 'Znam imię nad imiona', 12),
  ('320', '320', 'Ach potrzebuję Cię', 13),
  ('321', '321', 'Bądź wola Twoja', 13),
  ('322', '322', 'Chcesz—li wiedzieć, co ja wiem', 13),
  ('323', '323', 'Choć się zdaje , żem jest sam', 13),
  ('324', '324', 'Chodzić wciąż z Panem', 13),
  ('325', '325', 'Co złożę Zbawicielowi', 13),
  ('326', '326', 'Cóż miałbym, gdyby nie był mnie', 13),
  ('327', '327', 'Dziękuję Tobie, Ojcze mój', 13),
  ('328', '328', 'Czemuż się mam tak smętny', 13),
  ('329', '329', 'Drzewko jedno znam zielone', 13),
  ('330', '330', 'Gdybym Cię nie miał', 13),
  ('331', '331', 'Gdym nędzny, grzechów pełny', 13),
  ('332', '332', 'Gdy cię troska zacznie gnieść', 13),
  ('333', '333', 'Gdzież jest mój Miły?', 13),
  ('334', '334', 'Gwiazdą w mych ciemnościach', 13),
  ('335', '335', 'Jak błogo, iż znalazłem', 13),
  ('336', '336', 'Jako rzeka zwiększa głębię swoich fal', 13),
  ('337', '337', 'Jak słodko imię Jezus brzmi', 13),
  ('338', '338', 'Jaśniejąca chwało', 13),
  ('339', '339', 'Jedno jest potrzebne, Panie', 13),
  ('340', '340', 'Jezu, któż jak Ty', 13),
  ('341', '341', 'Już się nie bój dłużej', 13),
  ('342', '342', 'Kto los swój oddał w ręce Boga', 13),
  ('343', '343', 'O Panie Jezu miły', 13),
  ('344', '344', 'Kto poda sercu, ulgi zdrój?', 13),
  ('345', '345', 'Nad wszystko pożądany', 13),
  ('346', '346', 'Naucz mnie wierzyć, naucz miłować', 13),
  ('347', '347', 'Nie opuść mnie, bo czekam ja na Ciebie', 13),
  ('348', '348', 'Niechaj piękność Jezusa', 13),
  ('349', '349', 'O dobry Boże, życia drogi', 13),
  ('350', '350', 'Nim Pana ja znalazłem', 13),
  ('351', '351', 'O, ugnij mnie', 13),
  ('352', '352', 'Pan Bóg jest mą siłą', 13),
  ('353', '353', 'O, wzywaj Mnie!', 13),
  ('354', '354', 'Ucz modłów mnie', 13),
  ('355', '355', 'Pohańbiony mój Kapłanie', 13),
  ('356', '356', 'Przed Tobą, Panie, nic', 13),
  ('357', '357', 'Potrzebnyś mi, o Panie mój', 13),
  ('358', '358', 'Przyjaciela mam', 13),
  ('359', '359', 'To imię Jezus słodko brzmi', 13),
  ('360', '360', 'Swój wierny obraz, Panie', 13),
  ('361', '361', 'U nóg Zbawiciela', 13),
  ('362', '362', 'W pamięci miej', 13),
  ('363', '363', 'Wszędzie Jezus Sam mną kieruje', 13),
  ('364', '364', 'Tyś ucieczką moją', 13),
  ('365', '365', 'Wszędzie mi z Jezusem błogo', 13),
  ('366', '366', 'Znam przeczysty i wspaniały', 13),
  ('367', '367', 'W świętej, głębokiej ciszy', 13),
  ('368', '368', 'Za rękę weź mnie, Panie', 13),
  ('369', '369', 'Z Panem dnia każdego chodź', 13),
  ('370', '370', 'Bóg obietnice Swe spełni', 14),
  ('371', '371', 'Co Bóg ci obiecał, na pewno też da', 14),
  ('372', '372', 'Bóg wierny słowom Swym', 14),
  ('373', '373', 'Choć w życiu tym nie pojmiesz już', 14),
  ('374', '374', 'Chwała Ci, Jezu, o Królu nasz', 14),
  ('375', '375', 'Czekaj, duszo moja, W pokornej czci', 14),
  ('376', '376', 'Duszo, nie lękaj się, lecz wierz', 14),
  ('377', '377', 'Dziecię, nie płacz, nie narzekaj', 14),
  ('378', '378', 'Gdy się wiara moja chwieje', 14),
  ('379', '379', 'Gdy się życia srożą burze', 14),
  ('380', '380', 'Jako gołębica chyża', 14),
  ('381', '381', 'Gdy u boku Zbawca mój', 14),
  ('382', '382', 'Gdy ze mną Bóg, niech stanie', 14),
  ('383', '383', 'Jeden skarb bym posiąść chciał', 14),
  ('384', '384', 'Jest dobrym to, co czyni Bóg', 14),
  ('385', '385', 'Jezus Chrystus jest tym samym', 14),
  ('386', '386', 'Jezus, Lekarz nad lekarze', 14),
  ('387', '387', 'Jezus zawieść mię nie może', 14),
  ('388', '388', 'Jezu, krzyż swój pragnę nosić', 14),
  ('389', '389', 'Kto się w opiekę poda Panu swemu', 14),
  ('390', '390', 'Jezu, Ty niewysłowioną', 14),
  ('391', '391', 'Jezu, Zbawco mojej duszy', 14),
  ('392', '392', 'Łaską trzeba żyć', 14),
  ('393', '393', 'Krwawią się twe rany, ciężki staczasz bój', 14),
  ('394', '394', 'Jezusowa silna dłoń', 14),
  ('395', '395', 'Któż doda sił na podróż', 14),
  ('396', '396', 'Kto zaufa Panu', 14),
  ('397', '397', 'Mój Ojciec w niebie dobrze wie', 14),
  ('398', '398', 'Mój wierny Bóg', 14),
  ('399', '399', 'Mówi świat, iż niebezpiecznie', 14),
  ('400', '400', 'Na Jezusa, Króla swego', 14),
  ('401', '401', 'Najlepszy z wszystkich przyjaciel', 14),
  ('402', '402', 'Nie puszczę Cię, Jezu mój', 14),
  ('403', '403', 'Nie wiem, co dzień przyniesie mi', 14),
  ('404', '404', 'Przecudnie piękny świecie', 14),
  ('405', '405', 'O duszo moja, dzięki składaj', 14),
  ('406', '406', 'O, jak błogo żyć dla Ciebie', 14),
  ('407', '407', 'Pan cię w opiece ma, o nie trwóż się', 14),
  ('408', '408', 'Panie, otwórz usta moje', 14),
  ('409', '409', 'Pan Jezus pewną skałą', 14),
  ('410', '410', 'Pasterzem mym Pan', 14),
  ('411', '411', 'Pod Twą obronę, Ojcze na niebie', 14),
  ('412', '412', 'Polecaj Panu drogi', 14),
  ('413', '413', 'Później się dowiesz', 14),
  ('414', '414', 'Precz ode mnie, ciężkie troski', 14),
  ('415', '415', 'Sam Pan Bóg raczy być pasterzem moim', 14),
  ('416', '416', 'Przyjacielem naszym Jezus', 14),
  ('417', '417', 'Wierzę, - próśb wysłucha Bóg', 14),
  ('418', '418', 'Spójrz Panie, burza szaleje', 14),
  ('419', '419', 'Swe nadzieje w Panu złóż', 14),
  ('420', '420', 'Ufam, jako dziecię', 14),
  ('421', '421', 'Tobie tylko, Panie Jezu', 14),
  ('422', '422', 'W tajemny sposób w świecie tym', 14),
  ('423', '423', 'W objęciu Jezusowym', 14),
  ('424', '424', 'Wszystko powiedz Jezusowi', 14),
  ('425', '425', 'Zbawco, wiedź Sam dziecię Swe', 14),
  ('426', '426', 'Zbawienia z łaski mam dostąpić', 14),
  ('427', '427', 'Z dala od Jezusa', 14),
  ('428', '428', 'Wszyscy, co składają W Panu swe ufanie', 14),
  ('429', '429', 'Z głębokiej nędzy mojej dna', 14),
  ('430', '430', 'Z Panem pragnę w wierze chodzić', 14),
  ('431', '431', 'Bądź pasterzem naszym, Panie', 15),
  ('432', '432', 'Biedne ptaszki mają swoje gniazdka', 15),
  ('433', '433', 'Chcę przy Tobie zostać, Panie', 15),
  ('434', '434', 'Czymżeśmy bez Ciebie, Jezu?', 15),
  ('435', '435', 'Czy godzi się smucić, mój drogi, i łkać', 15),
  ('436', '436', 'Chcę do Jezusa mego', 15),
  ('437', '437', 'Do światła dąż nim siła twa', 15),
  ('438', '438', 'Dziecino Boża, cicho cierp', 15),
  ('439', '439', 'Dzień po dniu Tobie, Jezusie mój, żyć', 15),
  ('440', '440', 'Gdy mam tylko Jego', 15),
  ('441', '441', 'Już czas się puścić w drogę', 15),
  ('442', '442', 'Gdy nazbyt stromą zda tobie się droga', 15),
  ('443', '443', 'Dopóki Zbawcę mam', 15),
  ('444', '444', 'Ja przed światem nie chcę skarg zanosić', 15),
  ('445', '445', 'Kiedy wkoło burze', 15),
  ('446', '446', 'Kiedy ból chce ciebie strawić', 15),
  ('447', '447', 'Kochaj', 15),
  ('448', '448', 'Ku Tobie, Boże mój', 15),
  ('449', '449', 'Mój Pasterzu i mój Wodzu', 15),
  ('450', '450', 'Na dół Chrystus zstąpił', 15),
  ('451', '451', 'Mówisz, że miłujesz Boga', 15),
  ('452', '452', 'Muszę mieć Cię, Zbawicielu', 15),
  ('453', '453', 'Pokojem Pan, Choć noc spowiła świat', 15),
  ('454', '454', 'Niechaj w sercach radość płonie', 15),
  ('455', '455', 'Niech cię to nie trwoży', 15),
  ('456', '456', 'O pielgrzymie, dokąd śpieszysz', 15),
  ('457', '457', 'Słyszę, jak mnie wzywa Jezus', 15),
  ('458', '458', 'O wielki Mocarzu, Wybawco Ty mój', 15),
  ('459', '459', 'Pielgrzymem jestem do niebios stron', 15),
  ('460', '460', 'Pójdę za Jezusem', 15),
  ('461', '461', 'Raźniej będziem kroczyć', 15),
  ('462', '462', 'W pamięci zawsze, duszo, miej', 15),
  ('463', '463', 'Sam nie czyń nic', 15),
  ('464', '464', 'Szczęśliwy, jestem tu w pielgrzymce mej', 15),
  ('465', '465', 'Wędrujemy raźno w Ojczyznę swą', 15),
  ('466', '466', 'W świetle krocz', 15),
  ('467', '467', 'Wodzem naszym, bracia', 15),
  ('468', '468', 'Znam Przewodnika w mej pielgrzymce', 15),
  ('469', '469', 'Zwróć swój na Jezusa', 15),
  ('470', '470', 'Żyć tak, jak Mistrz mój', 15),
  ('471', '471', 'Za Jezusem pójde w życia drogę', 15),
  ('472', '472', 'Był strudzony i zbolały', 16),
  ('473', '473', 'Chociaż słabi, jednak śmiemy', 16),
  ('474', '474', 'Słyszysz, jak Pan Jezus woła', 16),
  ('475', '475', 'Czy dla innych pożytkiem twe życie?', 16),
  ('476', '476', 'Puszczaj chleb swój w każdym czasie', 16),
  ('477', '477', 'Dla Zbawcy chcemy walczyć wciąż', 16),
  ('478', '478', 'Daj nam, Panie, Ducha wiary', 16),
  ('479', '479', 'Do pracy, bracia, stańcie wraz', 16),
  ('480', '480', 'Działaj, bo noc nadejdzie', 16),
  ('481', '481', 'Dzień w służbie Zbawiciela', 16),
  ('482', '482', 'Gdy grzech twój ku ziemi cię tłoczy', 16),
  ('483', '483', 'Jak szczęśliwy', 16),
  ('484', '484', 'Gdzie się troski ścielą', 16),
  ('485', '485', 'Jak Jezusa swego kochasz, jak?', 16),
  ('486', '486', 'Jak wiele błądzi owiec', 16),
  ('487', '487', 'Jak zwycięsko kroczy Jezus', 16),
  ('488', '488', 'Już się złotych zbóż kołysze łan', 16),
  ('489', '489', 'Wierzyć mnie, Panie, ucz', 16),
  ('490', '490', 'Mistrz szuka żniwiarzy', 16),
  ('491', '491', 'Ni znaczyć, ni błyszczeć nie chcę', 16),
  ('492', '492', 'Swe dzieło, Panie, wznów', 16),
  ('493', '493', 'O, czy widzisz świat znękany?', 16),
  ('494', '494', 'O, nie czekaj aż nadejdzie', 16),
  ('495', '495', 'Z Panem umierać', 16),
  ('496', '496', 'Otom Jest, Królu mój', 16),
  ('497', '497', 'Prawdy nasienie ty tylko siej', 16),
  ('498', '498', 'Tak mocno głos Pasterza brzmi', 16),
  ('499', '499', 'Tam na krzyżu krwią oblany', 16),
  ('500', '500', 'Wielbim łaskę Twoją, Panie', 16),
  ('501', '501', 'Wyznawajcie Chrystusa z radością', 16),
  ('502', '502', 'W serca miłość dał nam Bóg', 16),
  ('503', '503', 'W służbę Swą woła Pan, Bracia', 16),
  ('504', '504', 'Ze zginienia masz wyrywać Dusze', 16),
  ('505', '505', 'Z wszystkich krain, ze wszech stron', 16),
  ('506', '506', 'Zbudź, Panie, ducha ojców wiary', 16),
  ('507', '507', 'Bracia, sztandar Chrystusowy', 17),
  ('508', '508', 'Bojowniku Bogu miły', 17),
  ('509', '509', 'Daj nam, Panie, wytrwać w czasie burz', 17),
  ('510', '510', 'Jako Daniel wiernym bądź', 17),
  ('511', '511', 'Chcemy, o Chryste, do śmierci być Twoi', 17),
  ('512', '512', 'Choć burza huczy w koło nas', 17),
  ('513', '513', 'Ciemne się chmury piętrzą', 17),
  ('514', '514', 'Choćby góry wysokie i strome', 17),
  ('515', '515', 'Dlaczego w twym oku', 17),
  ('516', '516', 'Gdy droga zbyt trudną wydaje ci się', 17),
  ('517', '517', 'Biały sztandar chwały nam wspaniale lśni!', 17),
  ('518', '518', 'Ej, niejedną jeszcze łezką', 17),
  ('519', '519', 'Jezu, zwycięstwo daj!', 17),
  ('520', '520', 'Któż to przed stolicą Bożą?', 17),
  ('521', '521', 'Kto przezwycięży ten pożywał będzie', 17),
  ('522', '522', 'Ludu Pański, czuwaj', 17),
  ('523', '523', 'Mała łódka drży na grzbiecie', 17),
  ('524', '524', 'Mnie do Nieba dążyć trzeba', 17),
  ('525', '525', 'O, wstań już! Twa senność niech zniknie', 17),
  ('526', '526', 'Na krzyż kieruj wzrok', 17),
  ('527', '527', 'O Jezu, zostań z nami', 17),
  ('528', '528', 'O, niech cię nie zwodzi', 17),
  ('529', '529', 'O, wstań, o, wstań dla Pana', 17),
  ('530', '530', 'Powiedzcie, jak mam smutnym być', 17),
  ('531', '531', 'Powstańcież dziś do boju', 17),
  ('532', '532', 'Przejść możem nawet ocean', 17),
  ('533', '533', 'Spojrzyj na Jezusa, wiarą pośpiesz Doń', 17),
  ('534', '534', 'Śmiało zwycięską chorągiew podnieśmy', 17),
  ('535', '535', 'Twe czoło smutki mroczą', 17),
  ('536', '536', 'Warownym grodem jest nasz Bóg', 17),
  ('537', '537', 'Wierz tu mocno każdy dzień', 17),
  ('538', '538', '„Za Mną" Wódz nasz, Chrystus mówi', 17),
  ('539', '539', 'Wzmacniaj się w Panu swym', 17),
  ('540', '540', 'Bądźcie czujni', 18),
  ('541', '541', 'Idzie noc, straszna noc', 18),
  ('542', '542', 'Być może nad ranem, gdy zorza zabłyśnie', 18),
  ('543', '543', 'Już się zdobią drzewa W swe Zielone liście', 18),
  ('544', '544', 'Gdy sławny ten nadejdzie dzień ', 18),
  ('545', '545', 'Idzie Pan Jezus po wybraną Swoją', 18),
  ('546', '546', 'Kiedy wieczny dzień zaświta', 18),
  ('547', '547', 'Na chyżych skrzydłach leci czas', 18),
  ('548', '548', 'Ocknijcie się, uśpieni', 18),
  ('549', '549', 'Pan przyjdzie wnet', 18),
  ('550', '550', 'Powstań ze snu, Boży zborze', 18),
  ('551', '551', 'Idzie Zbawiciel', 18),
  ('552', '552', 'Przebudź się, duszo, ze snu ciężkiego', 18),
  ('553', '553', 'Tak długo, Panie, czeka Cię', 18),
  ('554', '554', 'Przyjdź Twe królestwo!', 18),
  ('555', '555', 'Raduj, ciesz się, małe, wierne stadko Pańskie', 18),
  ('556', '556', 'Raz przyjdzie Pan!', 18),
  ('557', '557', 'Ja przyjdę wnet!', 18),
  ('558', '558', 'Tak, wkrótce, wkrótce przyjdzie dzień', 18),
  ('559', '559', 'W górę serca, ludu Boży', 18),
  ('560', '560', '„Zbudźcie się!" - tak ci wołają', 18),
  ('561', '561', 'Zostaje jeszcze odpocznienie', 18),
  ('562', '562', 'Będziem tu nad brzegiem czekać', 18),
  ('563', '563', 'Jeszcze niewiele tylko cierpień, łez', 18),
  ('564', '564', 'Brzmi radosna ta wieść', 18),
  ('565', '565', 'Czy się zejdziem tam u rzeki', 18),
  ('566', '566', 'Do górnej ojczyzny pociąga mnie stąd', 18),
  ('567', '567', 'Do nieba, serce moje', 18),
  ('568', '568', 'Gdy się zakończą cierpienia i łzy', 18),
  ('569', '569', 'Jak będzie nam', 18),
  ('570', '570', 'Jam stęskniony', 18),
  ('571', '571', 'Jam stęskniony w górne kraje', 18),
  ('572', '572', 'Już brzeg Jordanu w blasku zórz', 18),
  ('573', '573', 'Już jaśnieje z daleka nam kraj', 18),
  ('574', '574', 'My do ojczystych śpieszym stron', 18),
  ('575', '575', 'Kto wskaże mi drogę do miasta górnego?', 18),
  ('576', '576', 'O cudny kraj', 18),
  ('577', '577', 'O mej ojczyźnie chcę śpiewać wciąż', 18),
  ('578', '578', 'O nadziejo, światło w ciemnej nocy!', 18),
  ('579', '579', 'Pielgrzymujem w kraj Kanaanu', 18),
  ('580', '580', 'Pięknyś ty, wdzięcznyś ty', 18),
  ('581', '581', 'Po części dziś oglądam blask', 18),
  ('582', '582', 'Poznałem mieszkanie pokoju', 18),
  ('583', '583', 'Przychodźcie do Mnie! - woła Pan', 18),
  ('584', '584', 'Ujrzałem już w oddali', 18),
  ('585', '585', 'Wracamy w dom', 18),
  ('586', '586', 'Wielem słyszał o mieście', 18),
  ('587', '587', 'W niebie ojczysta włość', 18),
  ('588', '588', 'W ojczysty dom!', 18),
  ('589', '589', 'Za ojczyzną zatęskniła', 18),
  ('590', '590', 'O Ojcze, Synu, Duchu Święty', 19),
  ('591', '591', 'Jam winny krzew, a wy latoroślami', 19),
  ('592', '592', 'Ozdóbże się, duszo miła', 19),
  ('593', '593', 'Owieczką jam Jezusa', 19),
  ('594', '594', 'O Jezu, oto bracia Twoi', 19),
  ('595', '595', 'Serce pójdź w cierpieniu Pana', 19),
  ('596', '596', 'Baranku nasz!', 20),
  ('597', '597', 'Kościele, któż twe tajnie zgadł', 20),
  ('598', '598', 'Boże święty, objaw się', 20),
  ('599', '599', 'Bracia, ogłaszajcie', 20),
  ('600', '600', 'Czyś słyszał, że Kościół jest żywy', 20),
  ('601', '601', 'Jako pasterz dobry, Panie', 20),
  ('602', '602', 'Jak miło i przyjemnie przychodzić w Boży dom', 20),
  ('603', '603', 'Jezu drogi, myśmy się', 20),
  ('604', '604', 'Jak wielką miłość Bóg dał nam!', 20),
  ('605', '605', 'Jezusie miłosierny', 20),
  ('606', '606', 'Jaśnieje wewnętrzne wszech chrześcijan życie', 20),
  ('607', '607', 'Kiedy przed stolicą Boga raz staniemy', 20),
  ('608', '608', 'Kościoła grunt jedyny', 20),
  ('609', '609', 'O Panie, zostań z nami', 20),
  ('610', '610', 'Niech łaska Twoja, Panie', 20),
  ('611', '611', 'Przez wszystkie kraje wionie zwycięsko Pański duch', 20),
  ('612', '612', 'Ojcze nasz, Ty, któryś w niebie', 20),
  ('613', '613', 'O, wąska droga ta', 20),
  ('614', '614', 'Pobłogosław Panie', 20),
  ('615', '615', 'Pan Bóg jest obecny!', 20),
  ('616', '616', 'Tu miejsca dość', 20),
  ('617', '617', 'Przyjdżże do nas, blasku chwały', 20),
  ('618', '618', 'Zbawicielu, myśmy się', 20),
  ('619', '619', 'Serca razem połączone', 20),
  ('620', '620', 'Toruj Jezu', 20),
  ('621', '621', 'Zwycięska, jasna rzesza', 20),
  ('622', '622', 'Zjednoczył dziś ze wszystkich stron', 20),
  ('623', '623', 'Z Bogiem bądźcie, aż się zejdziem znów!', 20),
  ('624', '624', 'Gdy Zbawiciel', 21),
  ('625', '625', 'Dokądże tak szybko, o chłopcze mój?', 21),
  ('626', '626', 'Ja chciałbym być jak Jezus', 21),
  ('627', '627', 'Jak to dobrze wiedzieć, żeś Ty, Jezu', 21),
  ('628', '628', 'Jezus Pan miłuje mnie', 21),
  ('629', '629', 'Jakże wielką radość mam', 21),
  ('630', '630', 'Maleńką jam dzieciną jest', 21),
  ('631', '631', 'Mój Ojciec ma w niebiesiech tron', 21),
  ('632', '632', 'Pan Jezus chce ze mnie zrobić', 21),
  ('633', '633', 'Pójdźcie do Mnie', 21),
  ('634', '634', 'Słuchaj, kwitnąca młodzieży', 21),
  ('635', '635', 'Wiesz ty, ile gwiazdek świeci', 21),
  ('636', '636', 'Teraz w młodych życia latach', 21),
  ('637', '637', 'Wiesz ty, kto cię tak miłuje', 21),
  ('638', '638', 'Złączmy wszyscy swoje głosy', 21),
  ('639', '639', 'Z nieba, gdzie gwiazd tyle', 21),
  ('640', '640', 'Błogosław, Boże, parze tej', 22),
  ('641', '641', 'O Boże, spełnij tych życzenia', 22),
  ('642', '642', 'Błogosław im, błogosław im!', 22),
  ('643', '643', 'O, przed wami stoi Pan', 22),
  ('644', '644', 'O, szczęsny dom, gdzie radzi Cię witają', 22),
  ('645', '645', 'Serca, ręce wasze złączył', 22),
  ('646', '646', 'Swej miłości ogniwem połączył was Pan', 22),
  ('647', '647', 'Za ręce bierz ich, Panie', 22),
  ('648', '648', 'Dość mam, dosyć tego świata', 23),
  ('649', '649', 'Do widzenia w onym lepszym kraju', 23),
  ('650', '650', 'Mój Jezus żyw! Cóż to śmierć znaczy', 23),
  ('651', '651', 'Gdzie duszy ojczyzna, jej pokój, jej raj?', 23),
  ('652', '652', 'O, ja wiem w kogo wierzę', 23),
  ('653', '653', 'Pokój po bojach, światło po ćmach', 23),
  ('654', '654', 'W górze, powyżej gwiazd', 23),
  ('655', '655', 'Raz skończy się dźwięk zwykłych pień', 23),
  ('656', '656', 'Spoczniesz sobie po pielgrzymce', 23),
  ('657', '657', 'U Pańskich nóg posłusznie już', 23),
  ('658', '658', 'Wiem ja, że w niebie jest miejsce krasne', 23),
  ('659', '659', 'Już słoneczko jasne pola ozłociło', 24),
  ('660', '660', 'Kiedy ranne wstają zorze', 24),
  ('661', '661', 'O serce, wstań i śpiewaj', 24),
  ('662', '662', 'Czeladka Twa wieczorem', 24),
  ('663', '663', 'Dzień się nachylił, słońca blask już zgasi', 24),
  ('664', '664', 'Gdy wieczorem gwiazdki płoną', 24),
  ('665', '665', 'O Panie, zostań ze mną!', 24),
  ('666', '666', 'Przeminął dnia jasnego i gwar, i znój', 24),
  ('667', '667', 'Spoczęły lasy, sioła', 24),
  ('668', '668', 'Witaj, cichy, witaj mi, wieczorze', 24),
  ('669', '669', 'Jezu, bądź nam hasłem dziś', 24),
  ('670', '670', 'Na nowo jeden rok przeminął', 24),
  ('671', '671', 'Aż dotąd mnie prowadził Bóg', 24),
  ('672', '672', 'Rok zbliża się do końca', 24),
  ('673', '673', 'Już dobiegł rok do końca', 24),
  ('674', '674', 'Boże oświeć nas! Błagamy', 1),
  ('675', '675', 'Boże, z Twoich rąk żyjemy', 1),
  ('676', '676', 'Gdym ja pod krzyżem gdzie Jezus zmarł', 1),
  ('677', '677', 'Ojcze nasz, Boże, który jesteś w niebie', 1),
  ('678', '678', 'Wszechmocny, błogi Ojcze nasz', 1),
  ('679', '679', 'Ach, ubogi żłobie', 2),
  ('680', '680', 'Bóg się rodzi', 2),
  ('681', '681', 'Dziś w Betlejemie', 2),
  ('682', '682', 'Gdy się Chrystus rodzi', 2),
  ('683', '683', 'Kto w stajence cicho śpi', 2),
  ('684', '684', 'Mędrcy świata', 2),
  ('685', '685', 'Na Judei błoniach wonnych już zapadła noc', 2),
  ('686', '686', 'O, Betlejemie mały', 2),
  ('687', '687', 'Pierzchaj, nocy ciemna, przed jasnością gód', 2),
  ('688', '688', 'Miał koronę cierniową', 3),
  ('689', '689', 'Na krzyżu Pan, Zbawiciel zmarł', 3),
  ('690', '690', 'Oczy płaczą, łzy się leją', 3),
  ('691', '691', 'O zraniony, Jezu mój', 3),
  ('692', '692', 'Po zwycięskim boju chwały', 3),
  ('693', '693', 'W bezgranicznej miłości Swej', 3),
  ('694', '694', 'Gdy pięćdziesiąty nadszedł dzień', 4),
  ('695', '695', 'Panie, zsyłasz święte deszcze', 4),
  ('696', '696', 'Przyjdź, Duchu Boży, w potędze Swej', 4),
  ('697', '697', 'Albowiem tak Bóg świat umiłował', 5),
  ('698', '698', 'Święta miłość Jezusowa niech połączy nas', 5),
  ('699', '699', 'W trzecim rozdziale napisał nam Jan', 5),
  ('700', '700', 'Cudną nowinę zwiastował nam Bóg', 6),
  ('701', '701', 'Radość zbawienia, z serc płynie chwały głos', 6),
  ('702', '702', 'Ciągle niezdecydowany', 7),
  ('703', '703', 'Chodźże do źródła żywota', 7),
  ('704', '704', 'Czy brzemię trosk przygniata cię', 7),
  ('705', '705', 'Dlaczego smutkiem zdjętyś tak', 7),
  ('706', '706', 'Do drzwi twego serca się zbliża Gość', 7),
  ('707', '707', 'Gdy ciężarem utrudzony', 7),
  ('708', '708', 'Jest cichy port, duszo, czyś zapomniała?', 7),
  ('709', '709', 'Minie wiosna ulubiona', 7),
  ('710', '710', 'O Boże ześlij na mnie łaski zdrój', 7),
  ('711', '711', 'O, bracie kochany, w tym świecie szerokim', 7),
  ('712', '712', 'O pójdź na Golgotę', 7),
  ('713', '713', 'Ostatni zew jeszcze, rozlega się wciąż', 7),
  ('714', '714', 'Owiec zgubionych Pasterz wciąż szuka', 7),
  ('715', '715', 'Patrz, wytrysnął strumyk Boży', 7),
  ('716', '716', 'Pozwól, że ci dam pytanie', 7),
  ('717', '717', 'Pójdź do Zbawcy', 7),
  ('718', '718', 'Przyszedłem do Jezusa w nędzy mej', 7),
  ('719', '719', 'Spójrz, o duszo, na ten cud zbawienia', 7),
  ('720', '720', 'Stań wędrowcze', 7),
  ('721', '721', 'Zważonyś przed Panem - za lekkoś tu żył', 7),
  ('722', '722', 'Bez Boga w swych grzechach jam tyle żył lat', 8),
  ('723', '723', 'Co oczyszcza z grzechu mnie', 8),
  ('724', '724', 'Do nóg Chrystusa niosę', 8),
  ('725', '725', 'Jeruzalemie, grodzie mój', 8),
  ('726', '726', 'Jak wiele na świecie nauk przepięknych', 8),
  ('727', '727', 'Moc grzechu dręczy lud zaślepiony', 8),
  ('728', '728', 'O, cudowny jest mój Zbawiciel', 8),
  ('729', '729', 'O, Zbawco, wznoszę chwały śpiew', 8),
  ('730', '730', 'Pasterz dobry szuka', 8),
  ('731', '731', 'Powiedzcie mi, bracia i siostry', 8),
  ('732', '732', 'Teraz z żalem wyznać muszę', 8),
  ('733', '733', 'Gdybym świat pozyskał w życiu moim', 9),
  ('734', '734', 'Gdy do Pana przyjdę', 9),
  ('735', '735', 'Jezu, ma słodyczy', 9),
  ('736', '736', 'Jezusa uczniem pragnę być', 9),
  ('737', '737', 'Kwiat przepiękny znalazłem w młodości', 9),
  ('738', '738', 'Mój Boże, w ręku Twym', 9),
  ('739', '739', 'My własnością Pana', 9),
  ('740', '740', 'On jest tu, On jest tu', 9),
  ('741', '741', 'Przed Twym otłarzem łask', 9),
  ('742', '742', 'W więzach grzechu, jak w niewoli', 9),
  ('743', '743', 'Byłem zmazany przez świat i przez grzech', 10),
  ('744', '744', 'Zaśpiewaj Bogu serce me', 10),
  ('745', '745', 'Ten świat swym urokiem nie wabi mnie już', 11),
  ('746', '746', 'W Chrystusie bezgranicznej miłości płonie żar', 11),
  ('747', '747', 'Jak jestem szczęśliwy w Jezusie!', 12),
  ('748', '748', 'Jam uczniem Zbawiciela', 12),
  ('749', '749', 'My mamy już zbawienie', 12),
  ('750', '750', 'Niebiańską radość w sercu mym', 12),
  ('751', '751', 'O, dzień radosny, dzień zbawienia', 12),
  ('752', '752', 'O, świata zbawienie, miłości Twej zew', 12),
  ('753', '753', 'Radujmy się zbawieni', 12),
  ('754', '754', 'Sercem radosnym śpiewać dziś będę', 12),
  ('755', '755', 'Ach, zmiłuj się, I obmyj mnie', 13),
  ('756', '756', 'Bądź Ty ze mną nieustannie', 13),
  ('757', '757', 'Cudnego mi Zbawcę w Jezusie Bóg dał', 13),
  ('758', '758', 'Gdzież serce, gdzie ojczyzna twa?', 13),
  ('759', '759', 'Kto w tym burzliwym życiu', 13),
  ('760', '760', 'Naucz modlić się Boże do Ciebie', 13),
  ('761', '761', 'Nie w wymowie słów modlitwy mej', 13),
  ('762', '762', 'Nie zawsze będę pielgrzymował', 13),
  ('763', '763', 'Odbijając się w lazurze', 13),
  ('764', '764', 'Ojcze Niebieski', 13),
  ('765', '765', 'Panie, będę Cię wysławiać', 13),
  ('766', '766', 'Przedwieczne Twe Słowo', 13),
  ('767', '767', 'Tak jak jeleń do potoku z utęsknieniem szybko mknie', 13),
  ('768', '768', 'U stóp Twych świętych korzymy się wraz', 13),
  ('769', '769', 'Wnijdź, Jezu mój', 13),
  ('770', '770', 'Z niedoli wielkiej, z udręczenia', 13),
  ('771', '771', 'Zniż się ku nam z wysokości', 13),
  ('772', '772', 'Dlaczego smutny los? Wciąż pytasz się', 14),
  ('773', '773', 'Gdy ciebie otoczą cierpienia i smutki', 14),
  ('774', '774', 'Gdy wszystko drży, zapada w dół', 14),
  ('775', '775', 'Imię Jego: Cudny', 14),
  ('776', '776', 'Kiedy chmury ciemne cię zatrwożą', 14),
  ('777', '777', 'Módl się dalej, nie przestań nie', 14),
  ('778', '778', 'Na Twoim zasnę łonie, Jezusie mój', 14),
  ('779', '779', 'Nie lękaj się nie, Za ciebie Pan zmarł', 14),
  ('780', '780', 'Pewność zbawienia mam', 14),
  ('781', '781', 'Szczęśliwym już w mym Zbawcy teraz', 14),
  ('782', '782', 'Tę pewność mam że żadna siła', 14),
  ('783', '783', 'Miłości czystej wzorze', 15),
  ('784', '784', 'Przeszedłem ten świat dookoła', 15),
  ('785', '785', 'Usuń Boże me zwątpienia', 15),
  ('786', '786', 'Czyż ja muszę bez owocu', 16),
  ('787', '787', 'Do pracy śpiesz, posłuchaj jak cię woła Pan', 16),
  ('788', '788', 'Dusz rybakami uczynię was', 16),
  ('789', '789', 'Kto ze łzami sieje', 16),
  ('790', '790', 'My jesteśmy powołani', 16),
  ('791', '791', 'Niwy już dojrzały i czekają nas', 16),
  ('792', '792', 'O, gdzie żeńcy są, aby zebrać już', 16),
  ('793', '793', 'Służebnicy, o czemuż stoicie?', 16),
  ('794', '794', 'Życie to, jedno, dał Bóg', 16),
  ('795', '795', 'Bracia, do czynu wielkiego powstańmy', 17),
  ('796', '796', 'Myśmy, bracia, Chrystusa żołnierze', 17),
  ('797', '797', 'My za wiarę Chrystusową', 17),
  ('798', '798', 'O, bracie mój, swe modły ślij', 17),
  ('799', '799', 'Rozwińmy, bracia, sztandar swój', 17),
  ('800', '800', 'To nie chmury bracia, zawisnęły', 17),
  ('801', '801', 'Błoga radość, Pan nasz nadchodzi', 18),
  ('802', '802', 'Kraj przecudny w górze znam', 18),
  ('803', '803', 'O, miasto cudne, miasto cne', 18),
  ('804', '804', 'O, przyjdź królestwo Twoje', 18),
  ('805', '805', 'Oto przychodzę rychło', 18),
  ('806', '806', 'Święty dom przyobiecał Bóg tym dać', 18),
  ('807', '807', 'Wdzięczny, rozkoszny Syjonie', 18),
  ('808', '808', 'Znam kraj, gdzie radość wiecznie trwa', 18),
  ('809', '809', 'U Ciebie, Święty, wieczny Boże', 19),
  ('810', '810', 'Błogosław związek nasz', 20),
  ('811', '811', 'Boże, coś Polskę przez tak liczne wieki', 20),
  ('812', '812', 'Łaska naszego Chrystusa i Pana', 20),
  ('813', '813', 'Od ojczystej naszej ziemi', 20),
  ('814', '814', 'O, jak pięknie w zgodzie żyć', 20),
  ('815', '815', 'O, jakże kocham Twój', 20),
  ('816', '816', 'Płyną z serca, płyną w niebo', 20),
  ('817', '817', 'Pociechę niebiańską nam Zbawca dał', 20),
  ('818', '818', 'Prowadzimy tu życie tułacze', 20),
  ('819', '819', 'Teraz już się rozstajemy', 20),
  ('820', '820', 'Wspaniały świat, prawdziwy raj', 20),
  ('821', '821', 'Zbawieni — to szczęśliwa rzesza', 20),
  ('822', '822', 'Chciałbym się wzbić lotem orła hen', 21),
  ('823', '823', 'Chętnie, żwawo, my pielgrzymi ziemscy ', 21),
  ('824', '824', 'Drobne piasku ziarnka', 21),
  ('825', '825', 'Dzieci, jeszcześmy w podróży', 21),
  ('826', '826', 'Ja nie ma m złota, ni łąk zielonych', 21),
  ('827', '827', 'Jak prędko dolała do mety swej grot', 21),
  ('828', '828', 'Jestem jeszcze dziecię małe', 21),
  ('829', '829', 'Kto ma tak piękne trzody?', 21),
  ('830', '830', 'Młodości dni, dni szczęścia złotej chwili', 21),
  ('831', '831', 'Młodości moja, byłaś tak cudna', 21),
  ('832', '832', 'Młodości moja', 21),
  ('833', '833', 'Mój Jezus kocha mnie', 21),
  ('834', '834', 'Niech moim sercem Pan Jezus wciąż włada', 21),
  ('835', '835', 'Niedzielna szkółka milsza mi', 21),
  ('836', '836', 'Pamiętam jeszcze dobrze', 21),
  ('837', '837', 'Piękne dni życia naszego', 21),
  ('838', '838', 'Pójdźcie dziatki, pójdźcie', 21),
  ('839', '839', 'Prowadź, Jezu, Twoje dziecię', 21),
  ('840', '840', 'Przyjaciel małych dzieci jest Chrystus, Zbawca nasz', 21),
  ('841', '841', 'Rannego słońca pierwszy promyk lśni', 21),
  ('842', '842', 'Spracowany idę spać', 21),
  ('843', '843', 'W drodze już jesteśmy', 21),
  ('844', '844', 'Wiernie w ślad za Jezusem', 21),
  ('845', '845', 'Wiosna nadeszła, cieszmy się', 21),
  ('846', '846', 'W jednym małym kątku', 21),
  ('847', '847', 'W potężnych rękach Pana', 21),
  ('848', '848', 'Wróbelków małych kocha Bóg', 21),
  ('849', '849', 'Wspominam te chwile gdy byłem dzieciną', 21),
  ('850', '850', 'Zgodnie, bracia, chcemy wszyscy razem', 21),
  ('851', '851', 'Błogosław Panie, na ich ślubowanie', 22),
  ('852', '852', 'Daj Boże Swym dziatkom na wszystkie ich dni', 22),
  ('853', '853', 'Wasze serca, wasze dłonie', 22),
  ('854', '854', 'Zbawiciel w Kanie Galilejskiej', 22),
  ('855', '855', 'Z dwóch serc, o Panie, jedno stwórz', 22),
  ('856', '856', 'Do grobu proch kładziemy', 23),
  ('857', '857', 'Gdy słońce zajdzie nad naszą ziemią', 23),
  ('858', '858', 'To życie jest jak cień', 23),
  ('859', '859', 'Już ostatni za górami promień słońca zgasł', 24),
  ('860', '860', 'Z szybkością wiatru czas przemija', 24),
  ('I', 'I', 'Do śmierci z Biblią świętą', 25),
  ('II', 'II', 'Dzięki, kochany Ojcze z nieba', 25),
  ('III', 'III', 'Dzieci Boże, chodźcie wznieść', 25),
  ('IV', 'IV', 'Dzięki Tobie za Twe dary', 25),
  ('V', 'V', 'Gdy rozmyślam, Święty Boże', 25),
  ('VI', 'VI', 'Jakie drogie dziś chwile', 25),
  ('VII', 'VII', 'Możesz poznać Pana dziś!', 25),
  ('VIII', 'VIII', 'My mamy pewną skałę', 25),
  ('IX', 'IX', 'Prowadź, prowadź mnie Sam', 25),
  ('X', 'X', 'Wszystkie nasze dzienne sprawy', 25),
  ('XI', 'XI', 'Choćbym wszystko miał', 25),
  ('XII', 'XII', 'Niegdyś gdy byłem w kajdanach grzechu', 25),
  ('XIII', 'XIII', 'Z głębi serc tych dwojga wzlata', 25),
  ('XIV', 'XIV', 'O, nie smuć się, lecz walcz z niedolą', 25),
  ('XV', 'XV', 'Z smutku, niedoli, zmartwień i trosk', 25);
